State,District,Latitude,Longitude
Andaman and Nicobar Islands,North and Middle Andaman,12.6519,92.8976
Andaman and Nicobar Islands,South Andaman,11.7401,92.6586
Andaman and Nicobar Islands,Nicobar,7.835291,93.5116
Andhra Pradesh,Adilabad,19.28451,78.81321
Andhra Pradesh,Anantapur,14.31207,77.46016
Andhra Pradesh,Chittoor,13.33109,78.92764
Andhra Pradesh,Cuddapah,14.49029,78.69614
Andhra Pradesh,East Godavari,16.78272,82.24321
Andhra Pradesh,Guntur,15.88493,80.58658
Andhra Pradesh,Hyderabad,17.38972,78.46669
Andhra Pradesh,Karimnagar,18.51548,79.43765
Andhra Pradesh,Khammam,17.68392,80.67009
Andhra Pradesh,Krishna,16.14387,81.14805
Andhra Pradesh,Kurnool,15.4376,77.90087
Andhra Pradesh,Mahbubnagar,16.63955,77.98933
Andhra Pradesh,Medak,17.8893,78.13779
Andhra Pradesh,Nalgonda,17.11325,79.16984
Andhra Pradesh,Nellore,13.89434,80.14703
Andhra Pradesh,Nizamabad,18.42949,78.07523
Andhra Pradesh,Prakasam,15.48904,80.11666
Andhra Pradesh,Rangareddi,17.24524,78.05757
Andhra Pradesh,Srikakulam,18.5709,84.25875
Andhra Pradesh,Visakhapatanam,17.64684,83.01014
Andhra Pradesh,Vizianagaram,18.2833,83.45983
Andhra Pradesh,Warangal,18.01753,79.87422
Andhra Pradesh,West Godavari,16.63298,81.45913
Arunachal Pradesh,Anjaw,28.06549,96.82878
Arunachal Pradesh,Changlang,27.36048,96.37553
Arunachal Pradesh,East Kameng,27.37119,93.04741
Arunachal Pradesh,East Siang,28.15382,95.06499
Arunachal Pradesh,Kurung Kumey,28.04853,93.24532
Arunachal Pradesh,Lohit,27.94679,96.59671
Arunachal Pradesh,Dibang Valley,28.8129,96.1527
Arunachal Pradesh,Lower Dibang Valley,28.32652,95.76567
Arunachal Pradesh,Longding,26.8728,95.3057
Arunachal Pradesh,Lower Subansiri,27.70849,93.96226
Arunachal Pradesh,Namsai,27.6692,95.8644
Arunachal Pradesh,Papum Pare,27.27353,93.54468
Arunachal Pradesh,Tawang,27.68068,91.82504
Arunachal Pradesh,Tirap,26.94406,95.4147
Arunachal Pradesh,Upper Dibang Valley,29.01995,95.98776
Arunachal Pradesh,Upper Siang,28.83092,95.00156
Arunachal Pradesh,Upper Subansiri,28.2772,93.89914
Arunachal Pradesh,West Kameng,27.46487,92.65016
Arunachal Pradesh,West Siang,28.1063,94.5351
Assam,Baksa,26.6935,91.5984
Assam,Barpeta,26.42787,90.97912
Assam,Bongaigaon,26.45013,90.67343
Assam,Cachar,24.81557,92.8685
Assam,Chirang,26.6539,90.6394
Assam,Darrang,26.58463,92.04141
Assam,Dhemaji,27.58653,94.71337
Assam,Dhubri,26.04506,89.98501
Assam,Dibrugarh,27.30612,95.09983
Assam,Dima Hasao,25.3478,93.0176
Assam,Goalpara,26.01728,90.5987
Assam,Golaghat,26.37722,93.82583
Assam,Hailakandi,24.4575,92.59155
Assam,Jorhat,26.76245,94.30198
Assam,Kamrup,26.17094,91.58863
Assam,Kamrup Metropolitan,26.0794,91.6372
Assam,Karbi Anglong,26.08966,93.11537
Assam,Karimganj,24.69661,92.36795
Assam,Kokrajhar,26.49725,90.13997
Assam,Lakhimpur,27.14129,94.07759
Assam,Marigaon,26.2465,92.2195
Assam,Nagaon,26.26462,92.93062
Assam,Nalbari,26.46324,91.40599
Assam,North Cachar Hills,25.3383,92.9774
Assam,Sivasagar,27.02763,94.90026
Assam,Sonitpur,26.73515,92.85198
Assam,Tinsukia,27.53549,95.69056
Assam,Udalguri,26.6897,91.9099
Bihar,Araria,26.21153,87.30767
Bihar,Arwal,25.1643,84.6688
Bihar,Aurangabad,24.77429,84.45986
Bihar,Banka,24.83236,86.86649
Bihar,Begusarai,25.54303,86.1256
Bihar,Kaimur,25.02157,83.61128
Bihar,Bhagalpur,25.27719,87.04214
Bihar,Bhojpur,25.50666,84.49408
Bihar,Buxar,25.48593,84.08808
Bihar,Darbhanga,26.14619,85.97387
Bihar,Gaya,24.72665,84.94291
Bihar,Gopalganj,26.44874,84.34636
Bihar,Jamui,24.78418,86.26316
Bihar,Jehanabad,25.15568,84.92081
Bihar,Katihar,25.56565,87.70466
Bihar,Khagaria,25.53559,86.56593
Bihar,Kishanganj,26.32434,87.95045
Bihar,Lakhisarai,25.18345,86.12826
Bihar,Madhepura,25.77342,86.89784
Bihar,Madhubani,26.41381,86.16328
Bihar,Munger,25.19854,86.54174
Bihar,Muzaffarpur,26.18664,85.32745
Bihar,Nalanda,25.22935,85.48053
Bihar,Nawada,24.82571,85.61595
Bihar,Pashchim Champaran,27.16064,84.30266
Bihar,Patna,25.40297,85.31984
Bihar,Purvi Champaran,26.68129,85.00382
Bihar,Purnia,25.81715,87.40448
Bihar,Rohtas,24.9917,83.93508
Bihar,Saharsa,25.82127,86.54671
Bihar,Samastipur,25.79321,85.94833
Bihar,Saran,25.89656,84.82266
Bihar,Sheikhpura,25.12472,85.77839
Bihar,Sheohar,26.45838,85.29539
Bihar,Sitamarhi,26.5657,85.61172
Bihar,Siwan,26.17364,84.33767
Bihar,Supaul,26.28158,86.78496
Bihar,Vaishali,25.81347,85.39248
Chandigarh,Chandigarh,30.7426,76.75872
Chhattisgarh,Balod,20.775,81.2519
Chhattisgarh,Baloda Bazar,21.5914,82.4753
Chhattisgarh,Bastar,19.39387,81.52895
Chhattisgarh,Bemetara,21.6894,81.5596
Chhattisgarh,Bilaspur,22.35694,81.9977
Chhattisgarh,Dantewada,18.65385,81.072
Chhattisgarh,Dhamtari,20.55491,81.75692
Chhattisgarh,Durg,21.19446,81.33182
Chhattisgarh,Gariaband,20.2571,82.3018
Chhattisgarh,Janjgir-Champa,21.96109,82.80495
Chhattisgarh,Jashpur,22.77286,83.8704
Chhattisgarh,Kanker,20.13946,81.06913
Chhattisgarh,Kabirdham,22.048,81.16271
Chhattisgarh,Korba,22.49171,82.57604
Chhattisgarh,Koriya,23.50413,82.12516
Chhattisgarh,Kondagaon,19.847,81.6035
Chhattisgarh,Mahasamund,21.22373,82.65925
Chhattisgarh,Mungeli,22.1716,81.7349
Chhattisgarh,Narayanpur,19.7196,81.2472
Chhattisgarh,Raigarh,22.00827,83.27798
Chhattisgarh,Raipur,20.88603,82.20033
Chhattisgarh,Rajnandgaon,21.05841,80.78527
Chhattisgarh,Sukma,18.1334,81.2519
Chhattisgarh,Surajpur,23.5027,82.821
Chhattisgarh,Surguja,23.32719,83.23582
Dadra and Nagar Haveli,Dadra and Nagar Haveli,20.21513,73.09455
Daman and Diu,Daman,20.43162,72.83924
Daman and Diu,Junagadh,20.72568,70.83986
Delhi,Delhi,28.64594,77.12805
Goa,North Goa,15.54872,73.80668
Goa,South Goa,15.19528,73.94179
Gujarat,Ahmadabad,22.60543,72.23898
Gujarat,Amreli,21.04833,71.43458
Gujarat,Anand,22.28272,72.57782
Gujarat,Banas Kantha,24.25854,71.93205
Gujarat,Bharuch,21.75787,72.67326
Gujarat,Bhavnagar,21.70219,72.16273
Gujarat,Dahod,22.89799,73.99171
Gujarat,Dang,20.8254,73.7007
Gujarat,Gandhinagar,23.19368,72.67222
Gujarat,Jamnagar,22.4106,69.62062
Gujarat,Junagadh,20.92952,70.54734
Gujarat,Kachchh,23.48057,68.82192
Gujarat,Kheda,22.88765,73.0188
Gujarat,Mahesana,23.52936,72.45545
Gujarat,Narmada,21.70666,73.68403
Gujarat,Navsari,20.86697,72.86185
Gujarat,Panch Mahals,22.80436,73.61985
Gujarat,Patan,23.80634,71.75163
Gujarat,Porbandar,21.55092,69.71897
Gujarat,Rajkot,22.40603,70.83679
Gujarat,Sabar Kantha,23.71804,73.13639
Gujarat,Surat,21.25761,72.93489
Gujarat,Surendranagar,22.82672,71.48359
Gujarat,Tapi,21.2789,73.6065
Gujarat,The Dangs,20.80163,73.68835
Gujarat,Vadodara,22.26134,73.49433
Gujarat,Valsad,20.44238,72.91486
Haryana,Ambala,30.35037,76.9497
Haryana,Bhiwani,28.72887,76.0211
Haryana,Faridabad,28.14873,77.32719
Haryana,Fatehabad,29.57298,75.54609
Haryana,Gurgaon,28.04389,77.01935
Haryana,Hisar,29.23629,75.84325
Haryana,Jhajjar,28.59652,76.61137
Haryana,Jind,29.4515,76.29599
Haryana,Kaithal,29.96069,76.37699
Haryana,Karnal,29.7032,76.87488
Haryana,Kurukshetra,30.05653,76.78775
Haryana,Mahendragarh,28.13522,76.14018
Haryana,Mewat,28.0107,77.0564
Haryana,Palwal,28.1473,77.326
Haryana,Panchkula,30.7009,76.97173
Haryana,Panipat,29.34352,76.92896
Haryana,Rewari,28.19165,76.55956
Haryana,Rohtak,28.89252,76.53123
Haryana,Sirsa,29.63583,74.9097
Haryana,Sonipat,29.05806,76.85587
Haryana,YAMUNANAGAR,30.26466,77.31653
Himachal Pradesh,Bilaspur,31.37804,76.65316
Himachal Pradesh,Chamba,32.66742,76.39354
Himachal Pradesh,Hamirpur,31.67668,76.49767
Himachal Pradesh,Kangra,32.14094,76.41206
Himachal Pradesh,Kinnaur,31.60667,78.51614
Himachal Pradesh,Kullu,31.90912,77.40923
Himachal Pradesh,Lahul and Spiti,32.51717,77.62471
Himachal Pradesh,Mandi,31.63581,76.96557
Himachal Pradesh,Shimla,31.15573,77.62573
Himachal Pradesh,Sirmaur,30.68276,77.43185
Himachal Pradesh,Solan,31.03864,76.94442
Himachal Pradesh,Una,31.5833,76.18354
Jammu and Kashmir,ANANTNAG,33.76027,75.30391
Jammu and Kashmir,BADGAM,33.93258,74.79798
Jammu and Kashmir,BANDIPORA,34.4234,74.6423
Jammu and Kashmir,BARAMULLA,34.38125,74.7636
Jammu and Kashmir,Doda,33.35961,76.07164
Jammu and Kashmir,Jammu,32.7132,74.84775
Jammu and Kashmir,Kargil,33.56599,76.63675
Jammu and Kashmir,Kathua,32.51782,75.58901
Jammu and Kashmir,KUPWARA,34.59923,74.21588
Jammu and Kashmir,Leh Ladakh,33.58579,78.30726
Jammu and Kashmir,Pulwama,33.88414,75.00922
Jammu and Kashmir,POONCH,33.79124,74.29593
Jammu and Kashmir,Kishtwar,33.5194,75.8999
Jammu and Kashmir,Reasi,33.0828,74.8333
Jammu and Kashmir,SAMBA,32.7266,74.857
Jammu and Kashmir,Shopian,33.7253,74.8277
Jammu and Kashmir,Kulgam,33.6451,75.0185
Jammu and Kashmir,KUPWARA,34.0333332,74.2666656
Jammu and Kashmir,Rajauri,33.27232,74.40777
Jammu and Kashmir,Srinagar,34.27313,75.11021
Jammu and Kashmir,Ramban,33.2411,75.2382
Jammu and Kashmir,Ganderbal,34.216496,74.771942
Jammu and Kashmir,Udhampur,33.04771,75.15287
Jharkhand,Bokaro,23.6815,85.98398
Jharkhand,Chatra,24.1162,84.93296
Jharkhand,Deoghar,24.3307,86.75698
Jharkhand,Dhanbad,23.85451,86.40373
Jharkhand,Dumka,24.27501,87.27662
Jharkhand,Garhwa,24.08211,83.68664
Jharkhand,Giridih,24.30579,86.08711
Jharkhand,Godda,24.8189,87.29417
Jharkhand,Gumla,23.07853,84.55057
Jharkhand,Hazaribagh,23.94324,85.49441
Jharkhand,Jamtara,23.97873,86.95325
Jharkhand,Khunti,23.0769,85.2806
Jharkhand,Koderma,24.55672,85.71691
Jharkhand,Latehar,23.72511,84.48299
Jharkhand,Lohardaga,23.4888,84.66052
Jharkhand,Pakur,24.5726,87.69692
Jharkhand,Palamu,24.19693,84.20311
Jharkhand,WEST SINGHBHUM,22.39941,85.54098
Jharkhand,EAST SINGHBUM,22.59133,86.5091
Jharkhand,Ramgarh,23.6283,85.5211
Jharkhand,Ranchi,23.18424,85.31782
Jharkhand,SAHEBGANJ,24.93668,87.68264
Jharkhand,Saraikela Kharsawan,22.85591,85.89615
Jharkhand,Simdega,22.60876,84.59194
Karnataka,Bagalkot,16.15861,75.64526
Karnataka,Bengaluru Rural,12.93683,77.47369
Karnataka,Bengaluru Urban,12.90192,77.58686
Karnataka,Belgaum,16.16107,74.72329
Karnataka,Bellary,15.07438,76.47228
Karnataka,Bidar,17.95036,77.1946
Karnataka,Bijapur,16.84015,75.95909
Karnataka,CHAMARAJANAGAR,11.95248,77.02385
Karnataka,Chikmagalur,13.42529,75.67627
Karnataka,Chitradurga,14.29102,76.57822
Karnataka,Dakshin Kannad,12.8912,74.96216
Karnataka,DAVANGERE,14.33041,75.91724
Karnataka,Dharwad,15.34383,75.13831
Karnataka,Gadag,15.50713,75.64861
Karnataka,Gulbarga,17.07046,76.87504
Karnataka,Hassan,12.9451,76.1105
Karnataka,Haveri,14.73758,75.39612
Karnataka,Kodagu,12.39684,75.79337
Karnataka,Kolar,13.3128,78.01377
Karnataka,Koppal,15.65125,76.1617
Karnataka,Mandya,12.5749,76.8157
Karnataka,Mysore,12.2481,76.52882
Karnataka,Ramanagara,12.715035,77.281296
Karnataka,Raichur,16.0508,76.87369
Karnataka,Chikkaballapur,13.4342,77.7242
Karnataka,Shimoga,14.06385,75.17882
Karnataka,Yadgir,16.765,77.1405
Karnataka,PATHANAMTHITTA,9.2587,76.7832
Karnataka,Tumkur,13.59247,77.02298
Karnataka,Udupi,13.4504,74.7201
Karnataka,UTTAR KANNAD,14.53896,74.35229
Kerala,Alappuzha,9.542603,76.38011
Kerala,Ernakulam,10.00488,76.26958
Kerala,Idukki,9.80481,77.04587
Kerala,Kannur,11.94152,75.3521
Kerala,Kasaragod,12.3331,75.07768
Kerala,Kollam,8.929389,76.63608
Kerala,Kottayam,9.643701,76.4606
Kerala,Kozhikode,11.39292,75.71159
Kerala,Malappuram,10.9733,75.93911
Kerala,Palakkad,10.78493,76.4998
Kerala,Pattanamtitta,9.291312,76.86412
Kerala,Thiruvananthapuram,8.537102,76.88712
Kerala,Thrissur,10.45893,76.12322
Kerala,Wayanad,11.71528,76.07587
Lakshadweep,Kavaratti,10.43639,72.82993
Madhya Pradesh,Anuppur,23.18184,81.8656
Madhya Pradesh,Ashoknagar,24.63099,77.82974
Madhya Pradesh,Agar Malwa,23.710348,76.010178
Madhya Pradesh,Alirajpur,22.3053,74.352501
Madhya Pradesh,Balaghat,21.80021,80.4217
Madhya Pradesh,Barwani,21.70214,74.91005
Madhya Pradesh,Betul,21.96463,77.78734
Madhya Pradesh,Bhind,26.35951,78.76183
Madhya Pradesh,Bhopal,23.48073,77.39247
Madhya Pradesh,Burhanpur,21.36457,76.2446
Madhya Pradesh,Chhatarpur,24.81364,79.56449
Madhya Pradesh,Chhindwara,22.22797,78.76413
Madhya Pradesh,Damoh,23.76624,79.47049
Madhya Pradesh,Datia,25.90226,78.63917
Madhya Pradesh,Dewas,22.78511,76.46089
Madhya Pradesh,Dhar,22.57268,75.11056
Madhya Pradesh,Dindori,22.83738,81.04333
Madhya Pradesh,East Nimar,22.09899,76.55806
Madhya Pradesh,Guna,24.49044,77.22359
Madhya Pradesh,Gwalior,26.04074,78.12782
Madhya Pradesh,Harda,22.22766,77.07023
Madhya Pradesh,Hoshangabad,22.59527,78.02168
Madhya Pradesh,Indore,22.68027,75.91338
Madhya Pradesh,Jabalpur,23.18526,79.98329
Madhya Pradesh,Jhabua,22.41958,74.40922
Madhya Pradesh,Katni,23.72442,80.3382
Madhya Pradesh,Mandla,22.70349,80.38601
Madhya Pradesh,Mandsaur,24.19279,75.43589
Madhya Pradesh,Morena,26.37314,77.88447
Madhya Pradesh,Narsinghpur,22.95134,79.00202
Madhya Pradesh,Neemuch,24.70312,75.06608
Madhya Pradesh,Panna,24.45133,80.21133
Madhya Pradesh,Raisen,23.29252,78.16305
Madhya Pradesh,Rajgarh,23.7855,76.66431
Madhya Pradesh,Ratlam,23.50356,75.14896
Madhya Pradesh,Rewa,24.86118,81.57572
Madhya Pradesh,Sagar,23.80032,78.7194
Madhya Pradesh,Satna,24.62778,80.75547
Madhya Pradesh,Sehore,22.92972,77.0678
Madhya Pradesh,Seoni,22.3323,79.66054
Madhya Pradesh,Shahdol,23.4486,81.45968
Madhya Pradesh,Shajapur,23.56662,76.33555
Madhya Pradesh,Sheopur,25.78015,77.16911
Madhya Pradesh,Shivpuri,25.37802,77.74862
Madhya Pradesh,Sidhi,24.17547,82.10538
Madhya Pradesh,SINGRAULI,23.758608,81.72673
Madhya Pradesh,Tikamgarh,25.141,78.89357
Madhya Pradesh,Ujjain,23.31929,75.80384
Madhya Pradesh,Umaria,23.59601,80.90879
Madhya Pradesh,Vidisha,23.82838,77.90135
Madhya Pradesh,Khandwa,21.902278,76.639023
Madhya Pradesh,West Nimar,22.02714,75.87344
Madhya Pradesh,Khargone,21.833525,75.61499
Maharashtra,Beed,18.984575,75.757202
Maharashtra,Buldhana,20.536846,76.18087
Maharashtra,GADCHIROLI,20.184872,79.994797
Maharashtra,Ahmednagar,19.2176,74.6922
Maharashtra,Gondia,21.459801,80.195
Maharashtra,MUMBAI,19.076,72.8777
Maharashtra,Akola,20.74631,77.12122
Maharashtra,Amravati,21.16521,77.67584
Maharashtra,Aurangabad,20.09792,75.32072
Maharashtra,Bhandara,21.21179,80.1095
Maharashtra,Bid,18.95235,75.6932
Maharashtra,Buldana,20.56681,76.39018
Maharashtra,Chandrapur,20.09561,79.31556
Maharashtra,Dhule,21.27402,74.58719
Maharashtra,Garhchiroli,19.79555,80.30966
Maharashtra,Gondiya,21.22501,80.17523
Maharashtra,Greater Bombay,19.08507,72.84262
Maharashtra,Hingoli,19.59525,77.09239
Maharashtra,Jalgaon,20.88289,75.5514
Maharashtra,Jalna,19.98461,75.98474
Maharashtra,Kolhapur,16.44881,74.12897
Maharashtra,Latur,18.34869,76.75813
Maharashtra,Nagpur,21.19656,79.02166
Maharashtra,Nanded,19.20932,77.6829
Maharashtra,Nandurbar,21.52318,74.32639
Maharashtra,Nashik,20.26691,74.03824
Maharashtra,Osmanabad,18.19459,75.99496
Maharashtra,Palghar,19.697107,72.763725
Maharashtra,Parbhani,19.31032,76.70163
Maharashtra,Pune,18.51696,74.12923
Maharashtra,Raigad,18.45326,73.00906
Maharashtra,Ratnagiri,17.2102,73.25726
Maharashtra,Sangli,17.15493,74.70714
Maharashtra,Satara,17.67379,74.18052
Maharashtra,Sindhudurg,16.17095,73.51329
Maharashtra,Solapur,17.83736,75.42395
Maharashtra,Thane,19.69877,72.79883
Maharashtra,Wardha,20.80743,78.57259
Maharashtra,Washim,20.28228,77.25502
Maharashtra,Yavatmal,20.04258,78.05326
Manipur,Bishnupur,24.50712,93.82462
Manipur,Chandel,24.26358,94.09444
Manipur,Churachandpur,24.3031,93.38672
Manipur,Imphal East,24.82106,93.66951
Manipur,Senapati,25.08466,94.03366
Manipur,Tamenglong,24.98313,93.49451
Manipur,Thoubal,24.54539,93.9796
Manipur,Ukhrul,25.059,94.4413
Manipur,Imphal West,24.79401,93.88859
Meghalaya,East Garo Hills,25.82728,90.64685
Meghalaya,East Khasi Hills,25.30376,91.75923
Meghalaya,East Jaintia Hills,25.3101,92.5
Meghalaya,West Jaintia Hills,25.5021,92.3419
Meghalaya,Ri Bhoi,25.89707,91.84516
Meghalaya,North Garo Hills,25.8987,90.488
Meghalaya,South Garo Hills,25.24057,90.6456
Meghalaya,South West Garo Hills,25.5679,90.2245
Meghalaya,West Garo Hills,25.49529,90.0371
Meghalaya,West Khasi Hills,25.50089,91.25365
Meghalaya,South West Khasi Hills,25.3259,91.2506
Mizoram,Aizawl,23.90781,92.85359
Mizoram,Champhai,23.54167,93.24222
Mizoram,Kolasib,24.202,92.7347
Mizoram,Lawngtlai,22.36103,92.66964
Mizoram,Lunglei,23.00772,92.63513
Mizoram,Mamit,23.73853,92.43308
Mizoram,Saiha,22.35745,93.02828
Mizoram,Serchhip,23.26386,92.91416
Nagaland,Dimapur,25.81418,93.75074
Nagaland,Kiphire,25.8188,94.8521
Nagaland,Kohima,25.60311,93.78601
Nagaland,Mokokchung,26.47891,94.52243
Nagaland,Mon,26.69207,95.03073
Nagaland,Longleng,26.4902,94.8197
Nagaland,Phek,25.63273,94.56815
Nagaland,Peren,25.5125,93.7391
Nagaland,Tuensang,26.21104,94.8581
Nagaland,Wokha,26.20261,94.19908
Nagaland,Zunheboto,26.02818,94.50027
Orissa,Angul,21.12071,84.99839
Orissa,Baleshwar,21.48571,87.08086
Orissa,Bargarh,21.13241,83.26444
Orissa,Bhadrak,20.95263,86.81496
Orissa,Balangir,20.6163,83.2152
Orissa,Boudh,20.58319,84.12363
Orissa,Cuttack,20.40764,85.77768
Orissa,Deogarh,21.43146,84.81452
Orissa,Dhenkanal,20.79887,85.53227
Orissa,Gajapati,19.12108,84.14015
Orissa,Ganjam,19.26326,84.80298
Orissa,Jagatsinghpur,20.11444,86.43265
Orissa,Jajpur,20.85325,86.15277
Orissa,Jharsuguda,21.82706,83.93582
Orissa,Kalahandi,19.78425,83.1124
Orissa,Kandhamal,20.09288,84.02216
Orissa,Kendrapara,20.60632,86.83763
Orissa,Kendujhar,21.49226,85.76277
Orissa,Khordha,20.05416,85.52235
Orissa,Koraput,18.82628,82.81278
Orissa,Malkangiri,18.25228,81.98294
Orissa,Mayurbhanj,21.89762,86.40304
Orissa,Nabarangpur,19.51305,82.42042
Orissa,Nayagarh,20.1929,85.05615
Orissa,Nuapada,20.47131,82.59153
Orissa,Puri,19.83509,85.86699
Orissa,Rayagada,19.29284,83.4586
Orissa,Sambalpur,21.51575,84.34958
Orissa,Sonepur,20.8908,83.76853
Orissa,Sundargarh,22.06355,84.50525
Puducherry,Karaikal,10.87616,79.8237
Puducherry,Mahe,12.00642,75.28275
Puducherry,Puducherry,11.88781,79.79711
Puducherry,Yanam,16.7077,82.26187
Punjab,Amritsar,31.54868,74.79884
Punjab,Barnala,30.3989,75.4811
Punjab,Bathinda,30.19052,75.05686
Punjab,Faridkot,30.59119,74.79752
Punjab,Fatehgarh Sahib,30.64291,76.36208
Punjab,Fazilka,30.373,74.124
Punjab,Ferozepur,30.63408,74.40246
Punjab,Gurdaspur,32.04283,75.32041
Punjab,Hoshiarpur,31.55157,75.84699
Punjab,Jalandhar,31.25034,75.544
Punjab,Kapurthala,31.33659,75.47641
Punjab,Ludhiana,30.76596,75.83111
Punjab,Mansa,29.91955,75.43049
Punjab,Moga,30.75654,75.16008
Punjab,Muktsar,30.31243,74.55187
Punjab,Nawanshahr,31.13345,76.10192
Punjab,Pathankot,32.3143,75.5975
Punjab,Patiala,30.21454,76.27506
Punjab,Rupnagar,30.91094,76.53744
Punjab,Sangrur,30.18505,75.89437
Punjab,S.A.S Nagar,30.6496,76.7567
Punjab,Tarn Taran,31.3605,74.8741
Rajasthan,Ajmer,26.1993,74.69904
Rajasthan,Alwar,27.55272,76.6536
Rajasthan,Banswara,23.45364,74.44247
Rajasthan,Baran,24.98023,76.86211
Rajasthan,Barmer,25.77071,71.50297
Rajasthan,Bharatpur,27.32412,77.21752
Rajasthan,Bhilwara,25.4512,74.63948
Rajasthan,Bikaner,28.12489,73.26943
Rajasthan,Bundi,25.48581,75.79984
Rajasthan,Chittaurgarh,24.63162,74.80011
Rajasthan,Churu,28.2933,74.65846
Rajasthan,Dausa,26.91235,76.57342
Rajasthan,Dhaulpur,26.72397,77.74476
Rajasthan,Dungarpur,23.75105,73.84766
Rajasthan,Ganganagar,29.25679,73.56192
Rajasthan,Hanumangarh,29.18134,74.74633
Rajasthan,Jaipur,27.03346,75.77117
Rajasthan,Jaisalmer,26.86901,71.18372
Rajasthan,Jalore,25.07578,72.18647
Rajasthan,Jhalawar,24.24726,76.11243
Rajasthan,Jhunjhunu,28.13517,75.52841
Rajasthan,Jodhpur,26.67846,73.00451
Rajasthan,Karauli,26.51902,76.96082
Rajasthan,Kota,25.17572,76.18619
Rajasthan,Nagaur,27.07862,74.14216
Rajasthan,Pali,25.8049,73.55286
Rajasthan,Rajsamand,25.24895,73.9657
Rajasthan,Sawai Madhopur,26.25108,76.42193
Rajasthan,Sikar,27.64644,75.29317
Rajasthan,Sirohi,24.79769,72.75309
Rajasthan,Tonk,26.15394,75.79192
Rajasthan,Udaipur,24.44077,73.8403
Sikkim,East Sikkim,27.296,88.74908
Sikkim,North Sikkim,27.81381,88.54201
Sikkim,South Sikkim,27.27802,88.37539
Sikkim,West Sikkim,27.33598,88.15801
Tamil Nadu,Ariyalur,11.19051,79.2225
Tamil Nadu,Chennai,13.0581,80.28139
Tamil Nadu,Coimbatore,10.87138,77.07619
Tamil Nadu,Cuddalore,11.57587,79.63002
Tamil Nadu,Dharmapuri,12.30014,78.1151
Tamil Nadu,Dindigul,10.3778,77.78011
Tamil Nadu,Erode,11.26701,77.42034
Tamil Nadu,KANCHIPURAM,12.49642,80.0882
Tamil Nadu,Kanniyakumari,8.183466,77.32053
Tamil Nadu,Karur,10.79533,78.0875
Tamil Nadu,KRISHNAGIRI,12.518611,78.213737
Tamil Nadu,Madurai,9.904314,78.01366
Tamil Nadu,Nagapattinam,10.78947,79.79437
Tamil Nadu,Namakkal,11.33767,78.14625
Tamil Nadu,The Nilgiris,11.44236,76.66146
Tamil Nadu,Perambalur,11.26014,78.86034
Tamil Nadu,Pudukkottai,10.13051,79.05444
Tamil Nadu,Ramanathapuram,9.31287,78.99185
Tamil Nadu,Salem,11.62932,78.24783
Tamil Nadu,Sivaganga,9.960307,78.56536
Tamil Nadu,Thanjavur,10.38769,79.31949
Tamil Nadu,Theni,9.924067,77.43459
Tamil Nadu,Tiruppur,11.110695,77.348045
Tamil Nadu,Thiruvallur,13.27586,80.19725
Tamil Nadu,Thiruvarur,10.36893,79.60323
Tamil Nadu,Thoothukudi,8.720961,78.13833
Tamil Nadu,Tiruchirappalli,10.83784,78.54729
Tamil Nadu,Tirunelveli,8.457431,77.7055
Tamil Nadu,Tiruvannamalai,12.41932,79.23266
Tamil Nadu,Vellore,12.78488,79.02643
Tamil Nadu,Villupuram,12.06557,79.68989
Tamil Nadu,Virudhunagar,9.468872,77.87641
Tripura,Dhalai,23.78136,91.94654
Tripura,North Tripura,24.12174,92.17843
Tripura,South Tripura,23.21187,91.60658
Tripura,West Tripura,23.78017,91.41311
Tripura,Gomati,23.5328,91.4728
Tripura,SEPAHIJALA,23.659,91.294
Tripura,AMETHI,21.6039,83.1421
Tripura,Unakoti,24.1781,92.0273
Tripura,Khowai,23.8974,91.6372
Uttar Pradesh,AMROHA,28.367,79.4304
Uttar Pradesh,Agra,26.99513,78.05278
Uttar Pradesh,Aligarh,27.93749,78.00147
Uttar Pradesh,Allahabad,25.39204,82.05172
Uttar Pradesh,Ambedkar Nagar,26.39119,82.68282
Uttar Pradesh,Auraiya,26.66892,79.42637
Uttar Pradesh,Azamgarh,26.00829,83.0122
Uttar Pradesh,BUDAUN,28.08596,78.99711
Uttar Pradesh,Baghpat,29.04579,77.30266
Uttar Pradesh,Bahraich,27.69178,81.4678
Uttar Pradesh,Ballia,25.86076,84.03652
Uttar Pradesh,Balrampur,27.44908,82.47158
Uttar Pradesh,Banda,25.35189,80.52487
Uttar Pradesh,BARABANKI,26.92278,81.35762
Uttar Pradesh,Bareilly,28.51102,79.43187
Uttar Pradesh,Basti,26.83388,82.69791
Uttar Pradesh,Bijnor,29.31397,78.45099
Uttar Pradesh,Bulandshahr,28.34876,78.01083
Uttar Pradesh,Chandauli,25.11809,83.25307
Uttar Pradesh,Chitrakoot,25.15992,81.07666
Uttar Pradesh,Deoria,26.42219,83.82441
Uttar Pradesh,Etah,27.59116,78.70022
Uttar Pradesh,Etawah,26.78818,79.07622
Uttar Pradesh,Ayodhya,26.60589,82.00784
Uttar Pradesh,Farrukhabad,27.45063,79.44063
Uttar Pradesh,Fatehpur,25.83744,80.85416
Uttar Pradesh,Firozabad,27.20964,78.42661
Uttar Pradesh,Gautam Buddha Nagar,28.39331,77.52462
Uttar Pradesh,Ghaziabad,28.74997,77.67442
Uttar Pradesh,Ghazipur,25.62472,83.53609
Uttar Pradesh,Gonda,27.15722,82.02269
Uttar Pradesh,Gorakhpur,26.63316,83.35496
Uttar Pradesh,Hamirpur,25.73816,79.82619
Uttar Pradesh,Hardoi,27.33741,80.26412
Uttar Pradesh,Hapur,28.7306,77.7759
Uttar Pradesh,Hathras,27.57815,78.18251
Uttar Pradesh,Jalaun,26.06795,79.36687
Uttar Pradesh,Jaunpur,25.70141,82.54315
Uttar Pradesh,Jhansi,25.45582,78.89955
Uttar Pradesh,Jyotiba Phule Nagar,28.8705,78.39009
Uttar Pradesh,Kannauj,26.99399,79.64438
Uttar Pradesh,KASGANJ,27.8075,78.6467
Uttar Pradesh,Kanpur Dehat,26.43048,79.9871
Uttar Pradesh,KANPUR NAGAR,26.37047,80.29252
Uttar Pradesh,Kaushambi,25.53588,81.41811
Uttar Pradesh,KUSHI NAGAR,26.89253,83.92262
Uttar Pradesh,Lakhimpur Kheri,28.09185,80.64732
Uttar Pradesh,Lalitpur,24.58877,78.60082
Uttar Pradesh,Lucknow,26.83823,80.89706
Uttar Pradesh,Maharajganj,27.1771,83.46128
Uttar Pradesh,Mahoba,25.3453,79.67863
Uttar Pradesh,Mainpuri,27.17387,79.03502
Uttar Pradesh,Mathura,27.5939,77.62153
Uttar Pradesh,Mau,26.01082,83.50583
Uttar Pradesh,Meerut,29.02958,77.80611
Uttar Pradesh,Mirzapur,25.10208,82.60127
Uttar Pradesh,Moradabad,28.85177,78.7358
Uttar Pradesh,Muzaffarnagar,29.47051,77.64018
Uttar Pradesh,Pilibhit,28.52024,79.90104
Uttar Pradesh,Pratapgarh,25.86484,81.9353
Uttar Pradesh,Rae Bareli,26.2539,81.2226
Uttar Pradesh,Rampur,28.83245,79.10977
Uttar Pradesh,Saharanpur,30.03381,77.59905
Uttar Pradesh,Shamli,29.4501,77.3122
Uttar Pradesh,SANT KABIR NAGAR,26.7916,83.03878
Uttar Pradesh,SANT RAVIDAS NAGAR,25.36458,82.43495
Uttar Pradesh,Shahjahanpur,27.99139,79.83023
Uttar Pradesh,Shravasti,27.60492,81.7932
Uttar Pradesh,Siddharth Nagar,27.20738,82.78665
Uttar Pradesh,Sitapur,27.502,80.85289
Uttar Pradesh,Sonbhadra,24.46693,83.06816
Uttar Pradesh,Sultanpur,26.28464,82.0571
Uttar Pradesh,Unnao,26.63164,80.63677
Uttar Pradesh,Varanasi,25.36057,82.8253
Uttaranchal,Almora,29.68353,79.50165
Uttaranchal,Bageshwar,29.98703,79.83954
Uttaranchal,Chamoli,30.58339,79.56281
Uttaranchal,Champawat,29.29142,80.0772
Uttaranchal,DEHRADUN,30.53333,77.90884
Uttaranchal,Haridwar,29.88606,77.9298
Uttaranchal,NAINITAL,29.33637,79.49979
Uttaranchal,Pauri Garhwal,29.97807,78.7745
Uttaranchal,Pithoragarh,30.14721,80.34229
Uttaranchal,Rudra Prayag,30.55658,79.09422
Uttaranchal,Tehri Garhwal,30.4637,78.48784
Uttaranchal,Udham Singh Nagar,29.0278,79.45629
Uttaranchal,UTTAR KASHI,30.96896,78.56881
West Bengal,Bankura,23.08128,87.1264
West Bengal,BARDHAMAN,23.44445,87.81506
West Bengal,Birbhum,24.06389,87.65153
West Bengal,COOCHBEHAR,26.317,89.4471
West Bengal,DINAJPUR DAKSHIN,25.34209,88.69822
West Bengal,DARJEELING,26.83962,88.33145
West Bengal,MEDINIPUR EAST,21.992,87.92281
West Bengal,HOWRAH,22.40167,87.99421
West Bengal,HOOGHLY,22.87929,88.0001
West Bengal,Jalpaiguri,26.62642,89.04154
West Bengal,Kochbihar,26.25052,89.30614
West Bengal,Kolkata,22.55058,88.35276
West Bengal,Maldah,25.08027,88.17192
West Bengal,Murshidabad,24.25951,88.16817
West Bengal,Nadia,23.56411,88.58293
West Bengal,24 PARAGANAS NORTH,22.06239,88.87794
West Bengal,PURULIA,23.25419,86.39685
West Bengal,24 PARAGANAS SOUTH,21.85443,88.44537
West Bengal,DINAJPUR UTTAR,26.04462,88.23595
West Bengal,MEDINIPUR WEST,22.3549,87.23101
Uttar Pradesh,Sambhal,28.590361,78.571762